,Dataset,Time,Preprocessing,AutoML,Accuracy,F1,Shape
0,micro-mass,12.1m,AutoFeat,AutoSK,0.6822964668698219,0.6993006993006993,"(571, 66)"
1,micro-mass,12.1m,None,AutoSK,0.8478514949103184,0.8531468531468531,"(571, 1300)"
2,micro-mass,12.1m,AutoSK,AutoSK,0.8703212448687562,0.8741258741258742,"(571, 1300)"
3,micro-mass,12.1m,AutoFeat,TPOT,0.6892427305997668,0.6923076923076923,"(571, 66)"
4,micro-mass,12.1m,None,TPOT,0.9142550411537076,0.916083916083916,"(571, 1300)"
5,micro-mass,12.1m,TPOT,TPOT,0.856504125930288,0.8601398601398601,"(571, 1300)"
