,Dataset,Time,Preprocessing,AutoML,Accuracy,F1,Shape
0,rsctc2010_3,45.2m,AutoFeat,AutoSK,0.9166666666666666,0.9166666666666666,"(95, 44)"
1,rsctc2010_3,45.2m,None,AutoSK,0.7708125208125208,0.7916666666666666,"(95, 22277)"
2,rsctc2010_3,45.2m,AutoSK,AutoSK,0.915954415954416,0.9166666666666666,"(95, 22277)"
3,rsctc2010_3,45.2m,AutoFeat,TPOT,0.8734848484848484,0.875,"(95, 44)"
4,rsctc2010_3,45.2m,None,TPOT,0.915954415954416,0.9166666666666666,"(95, 22277)"
5,rsctc2010_3,45.2m,TPOT,TPOT,0.915954415954416,0.9166666666666666,"(95, 22277)"
