,Dataset,Time,Preprocessing,AutoML,Accuracy,F1,Shape
0,Christine,11.28m,AutoFeat,AutoSK,0.7542885733696514,0.7542435424354244,"(5418, 54)"
1,Christine,11.28m,None,AutoSK,0.7371307811056337,0.7372693726937269,"(5418, 1636)"
2,Christine,11.28m,AutoSK,AutoSK,0.745191892193397,0.7453874538745388,"(5418, 1636)"
3,Christine,11.28m,AutoFeat,TPOT,0.7454487109694278,0.7468634686346863,"(5418, 54)"
4,Christine,11.28m,None,TPOT,0.7410178873072365,0.7409594095940959,"(5418, 1636)"
5,Christine,11.28m,TPOT,TPOT,0.6882215164093451,0.6885608856088561,"(5418, 1636)"
