,Dataset,Time,Preprocessing,AutoML,Accuracy,F1,Shape
0,gina,11.02m,AutoFeat,AutoSK,0.9125618842534187,0.9125475285171103,"(3153, 47)"
1,gina,11.02m,None,AutoSK,0.9252340749413291,0.9252217997465145,"(3153, 970)"
2,gina,11.02m,AutoSK,AutoSK,0.9341012151091571,0.9340937896070975,"(3153, 970)"
3,gina,11.02m,AutoFeat,TPOT,0.9353572618681381,0.935361216730038,"(3153, 47)"
4,gina,11.02m,None,TPOT,0.9556550366601614,0.9556400506970849,"(3153, 970)"
5,gina,11.02m,TPOT,TPOT,0.9417264768129738,0.9416983523447402,"(3153, 970)"
