,Dataset,Time,Preprocessing,AutoML,Accuracy,F1,Shape
0,vehicle_sensIT,62.75m,AutoFeat,AutoSK,0.8676076507976059,0.8679360181877233,"(98528, 55)"
1,vehicle_sensIT,62.75m,None,AutoSK,0.8672032803516686,0.8674894446248782,"(98528, 100)"
2,vehicle_sensIT,62.75m,AutoSK,AutoSK,0.8672032803516686,0.8674894446248782,"(98528, 100)"
