,Dataset,Time,Preprocessing,AutoML,Accuracy,F1,Shape
0,rsctc2010_3,77.72m,AutoFeat,AutoSK,0.9156746031746031,0.9166666666666666,"(95, 37)"
1,rsctc2010_3,77.72m,None,AutoSK,0.8253968253968255,0.8333333333333334,"(95, 22277)"
2,rsctc2010_3,77.72m,AutoSK,AutoSK,0.915954415954416,0.9166666666666666,"(95, 22277)"
