,Dataset,Time,Preprocessing,AutoML,Accuracy,F1,Shape
0,AP_Omentum_Ovary,63.97m,AutoFeat,AutoSK,0.8662144710358227,0.8695652173913043,"(275, 14)"
1,AP_Omentum_Ovary,63.97m,None,AutoSK,0.8157584103875664,0.8260869565217391,"(275, 10936)"
2,AP_Omentum_Ovary,63.97m,AutoSK,AutoSK,0.8109105824446268,0.8260869565217391,"(275, 10936)"
