,Dataset,Time,Preprocessing,AutoML,Accuracy,F1,Shape
0,micro-mass,61.02m,AutoFeat,AutoSK,0.01098901098901099,0.07692307692307693,"(571, 39)"
1,micro-mass,61.02m,None,AutoSK,0.01098901098901099,0.07692307692307693,"(571, 1300)"
2,micro-mass,61.02m,AutoSK,AutoSK,0.01098901098901099,0.07692307692307693,"(571, 1300)"
