,Dataset,Time,Preprocessing,AutoML,Accuracy,F1,Shape
0,gina,2.62m,AutoFeat,AutoSK,0.9214536402866885,0.9214195183776933,"(3153, 64)"
1,gina,2.62m,None,AutoSK,0.9265112247518835,0.926489226869455,"(3153, 970)"
2,gina,2.62m,AutoSK,AutoSK,0.9341012151091571,0.9340937896070975,"(3153, 970)"
