,Dataset,Time,Preprocessing,AutoML,Accuracy,F1,Shape
0,20_newsgroups,149.72m,AutoFeat,TPOT,0.9258805986144836,0.9501625243786568,"(399940, 1001)"
1,20_newsgroups,149.72m,None,TPOT,0.9258805986144836,0.9501625243786568,"(399940, 1001)"
2,20_newsgroups,149.72m,TPOT,TPOT,0.9258805986144836,0.9501625243786568,"(399940, 1001)"
