,Dataset,Time,Preprocessing,AutoML,Accuracy,F1,Shape
0,Christine,61.48m,AutoFeat,AutoSK,0.7542507819660297,0.7542435424354244,"(5418, 48)"
1,Christine,61.48m,None,AutoSK,0.7371307811056337,0.7372693726937269,"(5418, 1636)"
2,Christine,61.48m,AutoSK,AutoSK,0.745191892193397,0.7453874538745388,"(5418, 1636)"
3,Christine,61.48m,AutoFeat,TPOT,0.7467412820170493,0.7468634686346863,"(5418, 48)"
4,Christine,61.48m,None,TPOT,0.7394216846608584,0.7394833948339483,"(5418, 1636)"
5,Christine,61.48m,TPOT,TPOT,0.7496947364541683,0.7498154981549815,"(5418, 1636)"
