,Dataset,Time,Preprocessing,AutoML,Accuracy,F1,Shape
0,airlines,61.22m,AutoFeat,TPOT,0.66199950072954,0.6680509618379484,"(539383, 7)"
1,airlines,61.22m,None,TPOT,0.6614625962925672,0.6688963706746955,"(539383, 7)"
2,airlines,61.22m,TPOT,TPOT,0.6628746871987089,0.6681251205078386,"(539383, 7)"
