,Dataset,Time,Preprocessing,AutoML,Accuracy,F1,Shape
0,micro-mass,61.27m,AutoFeat,TPOT,0.5396625709597936,0.5734265734265734,"(571, 17)"
1,micro-mass,61.27m,None,TPOT,0.9142550411537076,0.916083916083916,"(571, 1300)"
2,micro-mass,61.27m,TPOT,TPOT,0.9199397190861609,0.9230769230769231,"(571, 1300)"
