,Dataset,Time,Preprocessing,AutoML,Accuracy,F1,Shape
0,rsctc2010_3,78.37m,AutoFeat,TPOT,0.8768518518518519,0.875,"(95, 12)"
1,rsctc2010_3,78.37m,None,TPOT,0.915954415954416,0.9166666666666666,"(95, 22277)"
2,rsctc2010_3,78.37m,TPOT,TPOT,0.9574074074074074,0.9583333333333334,"(95, 22277)"
