,Dataset,Time,Preprocessing,AutoML,Accuracy,F1,Shape
0,vehicle_sensIT,62.95m,AutoFeat,TPOT,0.8640579144812733,0.8645664176680741,"(98528, 53)"
1,vehicle_sensIT,62.95m,None,TPOT,0.8670817810878048,0.8674894446248782,"(98528, 100)"
2,vehicle_sensIT,62.95m,TPOT,TPOT,0.8608655914737975,0.8612780123416693,"(98528, 100)"
