,Dataset,Time,Preprocessing,AutoML,Accuracy,F1,Shape
0,sonar,10.13m,AutoFeat,AutoSK,0.7497217068645642,0.75,"(208, 4)"
1,sonar,10.13m,None,AutoSK,0.7486002239641658,0.75,"(208, 60)"
2,sonar,10.13m,AutoSK,AutoSK,0.8017842372681082,0.8076923076923077,"(208, 60)"
3,sonar,10.13m,AutoFeat,TPOT,0.8071199633699635,0.8076923076923077,"(208, 4)"
4,sonar,10.13m,None,TPOT,0.8447699227309422,0.8461538461538461,"(208, 60)"
5,sonar,10.13m,TPOT,TPOT,0.8461538461538461,0.8461538461538461,"(208, 60)"
