,Dataset,Time,Preprocessing,AutoML,Accuracy,F1,Shape
0,airlines,10.92m,AutoFeat,AutoSK,0.3957255077101513,0.5546178603740564,"(539383, 7)"
1,airlines,10.92m,AutoFeat,TPOT,0.6504522350999643,0.6536938433472257,"(539383, 7)"
