,Dataset,Time,Preprocessing,AutoML,Accuracy,F1,Shape
0,eating,18.33m,AutoFeat,AutoSK,0.45195212888205355,0.45569620253164556,"(945, 35)"
1,eating,18.33m,AutoFeat,TPOT,0.4128763023076763,0.4177215189873418,"(945, 35)"
