,Dataset,Time,Preprocessing,AutoML,Accuracy,F1,Shape
0,yeast_ml8,23.75m,AutoFeat,AutoSK,0.9826782904996463,0.9884297520661157,"(2417, 116)"
1,yeast_ml8,23.75m,AutoFeat,TPOT,0.9826782904996463,0.9884297520661157,"(2417, 116)"
