,Dataset,Time,Preprocessing,AutoML,Accuracy,F1,Shape
0,hiva_agnostic,96.27m,AutoFeat,AutoSK,0.9522115263714662,0.9631379962192816,"(4229, 1617)"
1,hiva_agnostic,96.27m,AutoFeat,TPOT,0.9573828823790776,0.9659735349716446,"(4229, 1617)"
