,Dataset,Time,Preprocessing,AutoML,Accuracy,F1,Shape
0,GCM,667.65m,AutoFeat,AutoSK,0.7030753968253968,0.7083333333333334,"(190, 16065)"
1,GCM,667.65m,AutoFeat,TPOT,0.8065972222222223,0.8125,"(190, 16065)"
