,Dataset,Time,Preprocessing,AutoML,Accuracy,F1,Shape
0,madelon,19.68m,AutoFeat,AutoSK,0.7573834131962894,0.7584615384615384,"(2600, 500)"
1,madelon,19.68m,AutoFeat,TPOT,0.8507406202371539,0.8507692307692307,"(2600, 500)"
