,Dataset,Time,Preprocessing,AutoML,Accuracy,F1,Shape
0,eeg_eye_state,17.53m,AutoFeat,AutoSK,0.9599236069270298,0.9599465954606141,"(14980, 14)"
1,eeg_eye_state,17.53m,AutoFeat,TPOT,0.9751676460005887,0.9751668891855808,"(14980, 14)"
