,Dataset,Time,Preprocessing,AutoML,Accuracy,F1,Shape
0,OVA_Breast,462.13m,AutoFeat,AutoSK,0.9791623947336788,0.979328165374677,"(1545, 10953)"
1,OVA_Breast,462.13m,AutoFeat,TPOT,0.8197089423284614,0.8449612403100775,"(1545, 10953)"
