,Dataset,Time,Preprocessing,AutoML,Accuracy,F1,Shape
0,Christine,206.28m,AutoFeat,AutoSK,0.742427555019965,0.7424354243542436,"(5418, 1665)"
1,Christine,206.28m,AutoFeat,TPOT,0.7209680948804138,0.7225092250922509,"(5418, 1665)"
