,Dataset,Time,Preprocessing,AutoML,Accuracy,F1,Shape
0,ailerons,60.08m,AutoFeat,AutoSK,0.8801325890627549,0.8801628853984875,"(13750, 13)"
1,ailerons,60.08m,None,AutoSK,0.8747514067364338,0.87521815008726,"(13750, 40)"
2,ailerons,60.08m,AutoSK,AutoSK,0.8697663903543396,0.8699825479930192,"(13750, 40)"
3,ailerons,60.08m,AutoFeat,TPOT,0.8788386104123257,0.878999418266434,"(13750, 13)"
4,ailerons,60.08m,None,TPOT,0.8798052336782575,0.8798720186154741,"(13750, 40)"
5,ailerons,60.08m,TPOT,TPOT,0.8841240380692001,0.8842350203606748,"(13750, 40)"
