,Dataset,Time,Preprocessing,AutoML,Accuracy,F1,Shape
0,yeast_ml8,60.08m,AutoFeat,AutoSK,0.9826782904996463,0.9884297520661157,"(2417, 8)"
1,yeast_ml8,60.08m,None,AutoSK,0.9826782904996463,0.9884297520661157,"(2417, 116)"
2,yeast_ml8,60.08m,AutoSK,AutoSK,0.9826782904996463,0.9884297520661157,"(2417, 116)"
3,yeast_ml8,60.08m,AutoFeat,TPOT,0.9868664658565334,0.9884297520661157,"(2417, 8)"
4,yeast_ml8,60.08m,None,TPOT,0.9826782904996463,0.9884297520661157,"(2417, 116)"
5,yeast_ml8,60.08m,TPOT,TPOT,0.9826782904996463,0.9884297520661157,"(2417, 116)"
