,Dataset,Time,Preprocessing,AutoML,Accuracy,F1,Shape
0,nomao,60.42m,AutoFeat,AutoSK,0.96859091454869,0.9686665893002205,"(34465, 32)"
1,nomao,60.42m,None,AutoSK,0.9676644334594556,0.967738191946153,"(34465, 118)"
2,nomao,60.42m,AutoSK,AutoSK,0.9666283022864599,0.966693744922827,"(34465, 118)"
3,nomao,60.42m,AutoFeat,TPOT,0.9665397569722061,0.9665776952535685,"(34465, 32)"
4,nomao,60.42m,None,TPOT,0.9696862536463549,0.9697110363235465,"(34465, 118)"
5,nomao,60.42m,TPOT,TPOT,0.9677097534340785,0.967738191946153,"(34465, 118)"
