,Dataset,Time,Preprocessing,AutoML,Accuracy,F1,Shape
0,gina,61.05m,AutoFeat,AutoSK,0.922699636803747,0.9226869455006337,"(3153, 87)"
1,gina,61.05m,None,AutoSK,0.9265112247518835,0.926489226869455,"(3153, 970)"
2,gina,61.05m,AutoSK,AutoSK,0.9366421047288449,0.9366286438529785,"(3153, 970)"
3,gina,61.05m,AutoFeat,TPOT,0.9543380524761808,0.9543726235741445,"(3153, 87)"
4,gina,61.05m,None,TPOT,0.9505870408498942,0.9505703422053232,"(3153, 970)"
5,gina,61.05m,TPOT,TPOT,0.9493307831597935,0.9493029150823827,"(3153, 970)"
