,Dataset,Time,Preprocessing,AutoML,Accuracy,F1,Shape
0,arcene,64.27m,AutoFeat,AutoSK,0.960194805194805,0.96,"(200, 18)"
1,arcene,64.27m,None,AutoSK,0.8009740259740261,0.8,"(200, 10000)"
2,arcene,64.27m,AutoSK,AutoSK,0.7008567931456549,0.7,"(200, 10000)"
3,arcene,64.27m,AutoFeat,TPOT,0.9391677175283732,0.94,"(200, 18)"
4,arcene,64.27m,None,TPOT,0.9203896103896103,0.92,"(200, 10000)"
5,arcene,64.27m,TPOT,TPOT,0.9203896103896103,0.92,"(200, 10000)"
