,Dataset,Time,Preprocessing,AutoML,Accuracy,F1,Shape
0,eating,69.48m,AutoFeat,AutoSK,0.4060489797217871,0.4092827004219409,"(945, 21)"
1,eating,69.48m,None,AutoSK,0.5832734281398134,0.5907172995780591,"(945, 6373)"
2,eating,69.48m,AutoSK,AutoSK,0.630061440521134,0.6371308016877637,"(945, 6373)"
3,eating,69.48m,AutoFeat,TPOT,0.4171355483930288,0.43037974683544306,"(945, 21)"
4,eating,69.48m,None,TPOT,0.5623009954420943,0.5654008438818565,"(945, 6373)"
5,eating,69.48m,TPOT,TPOT,0.5485442924353495,0.5527426160337553,"(945, 6373)"
