,Dataset,Time,Preprocessing,AutoML,Accuracy,F1,Shape
0,hiva_agnostic,60.33m,AutoFeat,AutoSK,0.9422543102466577,0.9612476370510397,"(4229, 35)"
1,hiva_agnostic,60.33m,None,AutoSK,0.9522115263714662,0.9631379962192816,"(4229, 1617)"
2,hiva_agnostic,60.33m,AutoSK,AutoSK,0.9575714447220903,0.9650283553875236,"(4229, 1617)"
3,hiva_agnostic,60.33m,AutoFeat,TPOT,0.9568615362745804,0.9640831758034026,"(4229, 35)"
4,hiva_agnostic,60.33m,None,TPOT,0.9553485818646299,0.9659735349716446,"(4229, 1617)"
5,hiva_agnostic,60.33m,TPOT,TPOT,0.9604949356185394,0.9688090737240076,"(4229, 1617)"
