,Dataset,Time,Preprocessing,AutoML,Accuracy,F1,Shape
0,eeg_eye_state,60.02m,AutoFeat,AutoSK,0.39790513845761294,0.5564753004005341,"(14980, 1)"
1,eeg_eye_state,60.02m,None,AutoSK,0.9221113372882495,0.9222963951935914,"(14980, 14)"
2,eeg_eye_state,60.02m,AutoSK,AutoSK,0.9441234936853832,0.944192256341789,"(14980, 14)"
3,eeg_eye_state,60.02m,AutoFeat,TPOT,0.510306159406309,0.564218958611482,"(14980, 1)"
4,eeg_eye_state,60.02m,None,TPOT,0.9767654337722438,0.9767690253671563,"(14980, 14)"
5,eeg_eye_state,60.02m,TPOT,TPOT,0.9754397994584911,0.97543391188251,"(14980, 14)"
