,Dataset,Time,Preprocessing,AutoML,Accuracy,F1,Shape
0,madelon,60.58m,AutoFeat,AutoSK,0.6321188201526513,0.6323076923076923,"(2600, 13)"
1,madelon,60.58m,None,AutoSK,0.7575811004408046,0.7584615384615384,"(2600, 500)"
2,madelon,60.58m,AutoSK,AutoSK,0.8179658750062899,0.8184615384615385,"(2600, 500)"
3,madelon,60.58m,AutoFeat,TPOT,0.6240464099139179,0.6246153846153846,"(2600, 13)"
4,madelon,60.58m,None,TPOT,0.8522181894462665,0.8523076923076923,"(2600, 500)"
5,madelon,60.58m,TPOT,TPOT,0.8569146108129158,0.8569230769230769,"(2600, 500)"
