,Dataset,Time,Preprocessing,AutoML,Accuracy,F1,Shape
0,OVA_Breast,79.3m,AutoFeat,AutoSK,0.9818043046661504,0.9819121447028424,"(1545, 64)"
1,OVA_Breast,79.3m,None,AutoSK,0.9715207169005057,0.9715762273901809,"(1545, 10936)"
2,OVA_Breast,79.3m,AutoSK,AutoSK,0.9765090211260185,0.9767441860465116,"(1545, 10936)"
3,OVA_Breast,79.3m,AutoFeat,TPOT,0.9659242929570937,0.9664082687338501,"(1545, 64)"
4,OVA_Breast,79.3m,None,TPOT,0.9684771691261685,0.9689922480620154,"(1545, 10936)"
5,OVA_Breast,79.3m,TPOT,TPOT,0.9711667094252331,0.9715762273901809,"(1545, 10936)"
