,Dataset,Time,Preprocessing,AutoML,Accuracy,F1,Shape
0,GCM,670.6m,AutoFeat,AutoSK,0.7202648715806612,0.7291666666666666,"(190, 16064)"
1,GCM,670.6m,AutoFeat,TPOT,0.7742559523809524,0.8125,"(190, 16064)"
