,Dataset,Time,Preprocessing,AutoML,Accuracy,F1,Shape
0,rsctc2010_3,169.38m,AutoFeat,AutoSK,0.8717948717948718,0.875,"(95, 22366)"
1,rsctc2010_3,169.38m,AutoFeat,TPOT,0.915954415954416,0.9166666666666666,"(95, 22366)"
