,Dataset,Time,Preprocessing,AutoML,Accuracy,F1,Shape
0,ailerons,10.1m,AutoFeat,AutoSK,0.8723823803567149,0.8726003490401396,"(13750, 14)"
1,ailerons,10.1m,None,AutoSK,0.8747514067364338,0.87521815008726,"(13750, 40)"
2,ailerons,10.1m,AutoSK,AutoSK,0.8697663903543396,0.8699825479930192,"(13750, 40)"
3,ailerons,10.1m,AutoFeat,TPOT,0.8809268456429485,0.8810354857475277,"(13750, 14)"
4,ailerons,10.1m,None,TPOT,0.8823771642712485,0.8824898196625945,"(13750, 40)"
5,ailerons,10.1m,TPOT,TPOT,0.882795219516941,0.8827806864456079,"(13750, 40)"
