,Dataset,Time,Preprocessing,AutoML,Accuracy,F1,Shape
0,sonar,10.38m,AutoFeat,AutoSK,0.7882260596546311,0.7884615384615384,"(208, 67)"
1,sonar,10.38m,AutoFeat,TPOT,0.8835774420482068,0.8846153846153846,"(208, 67)"
