,Dataset,Time,Preprocessing,AutoML,Accuracy,F1,Shape
0,hiva_agnostic,96.6m,AutoFeat,AutoSK,0.9522115263714662,0.9631379962192816,"(4229, 1617)"
1,hiva_agnostic,96.6m,AutoFeat,TPOT,0.9528679475237759,0.9640831758034026,"(4229, 1617)"
