,Dataset,Time,Preprocessing,AutoML,Accuracy,F1,Shape
0,nomao,10.48m,AutoFeat,AutoSK,0.9686150537892729,0.9686665893002205,"(34465, 35)"
1,nomao,10.48m,None,AutoSK,0.9676644334594556,0.967738191946153,"(34465, 118)"
2,nomao,10.48m,AutoSK,AutoSK,0.9666111564178032,0.966693744922827,"(34465, 118)"
3,nomao,10.48m,AutoFeat,TPOT,0.9609630498009072,0.9610073111291633,"(34465, 35)"
4,nomao,10.48m,None,TPOT,0.9655795986015436,0.9656492978995009,"(34465, 118)"
5,nomao,10.48m,TPOT,TPOT,0.9660750313745979,0.9661134965765348,"(34465, 118)"
