,Dataset,Time,Preprocessing,AutoML,Accuracy,F1,Shape
0,eating,455.9m,AutoFeat,AutoSK,0.553050862874862,0.5654008438818565,"(945, 6379)"
1,eating,455.9m,AutoFeat,TPOT,0.5880984944513902,0.5949367088607594,"(945, 6379)"
