,Dataset,Time,Preprocessing,AutoML,Accuracy,F1,Shape
0,sonar,10.02m,AutoFeat,AutoSK,0.825954001205961,0.8269230769230769,"(208, 9)"
1,sonar,10.02m,None,AutoSK,0.7486002239641658,0.75,"(208, 60)"
2,sonar,10.02m,AutoSK,AutoSK,0.8246414602346805,0.8269230769230769,"(208, 60)"
3,sonar,10.02m,AutoFeat,TPOT,0.783380744303352,0.7884615384615384,"(208, 9)"
4,sonar,10.02m,None,TPOT,0.8447699227309422,0.8461538461538461,"(208, 60)"
5,sonar,10.02m,TPOT,TPOT,0.7467043314500942,0.75,"(208, 60)"
