,Dataset,Time,Preprocessing,AutoML,Accuracy,F1,Shape
0,vehicle_sensIT,39.78m,AutoFeat,AutoSK,0.3291467170594593,0.496224423514128,"(98528, 100)"
1,vehicle_sensIT,39.78m,AutoFeat,TPOT,0.8543127285364452,0.8546606040922378,"(98528, 100)"
