,Dataset,Time,Preprocessing,AutoML,Accuracy,F1,Shape
0,OVA_Breast,470.58m,AutoFeat,AutoSK,0.9765090211260185,0.9767441860465116,"(1545, 10967)"
1,OVA_Breast,470.58m,AutoFeat,TPOT,0.9686126704089816,0.9689922480620154,"(1545, 10967)"
