,Dataset,Time,Preprocessing,AutoML,Accuracy,F1,Shape
0,GCM,19.85m,AutoFeat,AutoSK,0.5376313025210085,0.5625,"(190, 24)"
1,GCM,19.85m,None,AutoSK,0.7156352419510315,0.7291666666666666,"(190, 16063)"
2,GCM,19.85m,AutoSK,AutoSK,0.7572420634920635,0.7708333333333334,"(190, 16063)"
3,GCM,19.85m,AutoFeat,TPOT,0.4948033380018675,0.5,"(190, 24)"
4,GCM,19.85m,None,TPOT,0.8052579365079365,0.8125,"(190, 16063)"
5,GCM,19.85m,TPOT,TPOT,0.43253968253968256,0.5,"(190, 16063)"
