,Dataset,Time,Preprocessing,AutoML,Accuracy,F1,Shape
0,madelon,10.47m,AutoFeat,AutoSK,0.6230546198834882,0.6230769230769231,"(2600, 13)"
1,madelon,10.47m,None,AutoSK,0.8261435593748334,0.8261538461538461,"(2600, 500)"
2,madelon,10.47m,AutoSK,AutoSK,0.8291430503637837,0.8292307692307692,"(2600, 500)"
3,madelon,10.47m,AutoFeat,TPOT,0.6285131893304557,0.6292307692307693,"(2600, 13)"
4,madelon,10.47m,None,TPOT,0.8537959915698243,0.8538461538461538,"(2600, 500)"
5,madelon,10.47m,TPOT,TPOT,0.8490765573628373,0.8492307692307692,"(2600, 500)"
