,Dataset,Time,Preprocessing,AutoML,Accuracy,F1,Shape
0,AP_Omentum_Ovary,14.05m,AutoFeat,AutoSK,0.9078792051937832,0.9130434782608695,"(275, 26)"
1,AP_Omentum_Ovary,14.05m,None,AutoSK,0.8157584103875664,0.8260869565217391,"(275, 10936)"
2,AP_Omentum_Ovary,14.05m,AutoSK,AutoSK,0.8051529790660226,0.8260869565217391,"(275, 10936)"
3,AP_Omentum_Ovary,14.05m,AutoFeat,TPOT,0.8977624629798543,0.8985507246376812,"(275, 26)"
4,AP_Omentum_Ovary,14.05m,None,TPOT,0.8241426467953844,0.8405797101449275,"(275, 10936)"
5,AP_Omentum_Ovary,14.05m,TPOT,TPOT,0.8241426467953844,0.8405797101449275,"(275, 10936)"
