,Dataset,Time,Preprocessing,AutoML,Accuracy,F1,Shape
0,GCM,19.75m,AutoFeat,AutoSK,0.46021825396825394,0.4583333333333333,"(190, 23)"
1,GCM,19.75m,AutoFeat,TPOT,0.5197436822436822,0.5208333333333334,"(190, 23)"
