,Dataset,Time,Preprocessing,AutoML,Accuracy,F1,Shape
0,micro-mass,11.23m,AutoFeat,AutoSK,0.6935431795432325,0.6993006993006993,"(571, 33)"
1,micro-mass,11.23m,AutoFeat,TPOT,0.6758612930558632,0.6853146853146853,"(571, 33)"
