,Dataset,Time,Preprocessing,AutoML,Accuracy,F1,Shape
0,airlines,61.02m,AutoFeat,AutoSK,0.620787993135954,0.621716624890616,"(539383, 7)"
1,airlines,61.02m,None,AutoSK,0.620978441318301,0.6219242691663083,"(539383, 7)"
2,airlines,61.02m,AutoSK,AutoSK,0.6570491934659599,0.6610874627352684,"(539383, 7)"
