,Dataset,Time,Preprocessing,AutoML,Accuracy,F1,Shape
0,GCM,69.8m,AutoFeat,AutoSK,0.40492424242424246,0.3958333333333333,"(190, 21)"
1,GCM,69.8m,None,AutoSK,0.7156352419510315,0.7291666666666666,"(190, 16063)"
2,GCM,69.8m,AutoSK,AutoSK,0.7633928571428572,0.7708333333333334,"(190, 16063)"
