,Dataset,Time,Preprocessing,AutoML,Accuracy,F1,Shape
0,AP_Omentum_Ovary,64.17m,AutoFeat,TPOT,0.8393410132540567,0.8405797101449275,"(275, 13)"
1,AP_Omentum_Ovary,64.17m,None,TPOT,0.8198351804489912,0.8260869565217391,"(275, 10936)"
2,AP_Omentum_Ovary,64.17m,TPOT,TPOT,0.8241426467953844,0.8405797101449275,"(275, 10936)"
