,Dataset,Time,Preprocessing,AutoML,Accuracy,F1,Shape
0,Christine,60.0m,Autofeat,AutoSK,0.7545472005307796,0.7549815498154981,"(5418, 52)"
1,Christine,61.1m,AutoSK,AutoSK,0.7452270434565084,0.7453874538745388,"(5418, 1636)"
2,Christine,61.1m,None,AutoSK,0.7401419151164677,0.7409594095940959,"(5418, 1636)"
