,Dataset,Time,Preprocessing,AutoML,Accuracy,F1,Shape
0,GCM,69.0m,AutoFeat,TPOT,0.3963714526214526,0.3958333333333333,"(190, 13)"
1,GCM,69.0m,None,TPOT,0.8299603174603174,0.8333333333333334,"(190, 16063)"
2,GCM,69.0m,TPOT,TPOT,0.8223214285714285,0.8333333333333334,"(190, 16063)"
