,Dataset,Time,Preprocessing,AutoML,Accuracy,F1,Shape
0,gina,1.93m,AutoFeat,TPOT,0.9391764205396911,0.9391634980988594,"(3153, 62)"
1,gina,1.93m,None,TPOT,0.7630528118523645,0.7667934093789607,"(3153, 970)"
2,gina,1.93m,TPOT,TPOT,0.9366119037872479,0.9366286438529785,"(3153, 970)"
