,Dataset,Time,Preprocessing,AutoML,Accuracy,F1,Shape
0,gina,0.5m,Autofeat,AutoSK,0.9289143445524164,0.9290240811153359,"(3153, 59)"
1,gina,1.25m,AutoSK,AutoSK,0.9352797083010984,0.935361216730038,"(3153, 970)"
2,gina,1.25m,None,AutoSK,0.9122990155568121,0.9125475285171103,"(3153, 970)"
