,Dataset,Time,Preprocessing,AutoML,Accuracy,F1,Shape
0,sonar,60.03m,AutoFeat,TPOT,0.8636100246269738,0.8653846153846154,"(208, 8)"
1,sonar,60.03m,None,TPOT,0.8267304124446982,0.8269230769230769,"(208, 60)"
2,sonar,60.03m,TPOT,TPOT,0.8835774420482068,0.8846153846153846,"(208, 60)"
