,Dataset,Time,Preprocessing,AutoML,Accuracy,F1,Shape
0,tumors_C,61.12m,AutoFeat,TPOT,0.9234567901234568,0.9333333333333333,"(60, 1)"
1,tumors_C,61.12m,None,TPOT,0.8833333333333333,0.8666666666666667,"(60, 7129)"
2,tumors_C,61.12m,TPOT,TPOT,0.5259259259259259,0.4666666666666667,"(60, 7129)"
